"Date","Author","Verified","Helpful","Title","Body","Rating","Images","Videos","URL","Variation","Style"
"Reviewed in the United States on April 30, 2025","Jeremy","-","yes","Works great!","So this is a pretty awesome device that you can install over your current rearview mirror and it is astonishing. It actually has a full screen rear view from your camera unlike similar models that only have a partial screen. Secondly it has the front camera that can also record all events. So far I have enjoyed all of the time setting it up and it only took me about an hour. It does include some wiring information and you can easily look at it's set up in the Amazon page as well. You may need to buy an extended wiring connection depending on your needs. Other wise this front and back camera recording device is absolutely awesome! I would suggest this purchase for front and rear viewing as long as you are able to set it up correctly. It takes a little trial and error depending on the vehicle that you are using it on. So far do good and worth the price  if there is ever an accident that isn't your fault. I gave this a 4 out of 5 star rating because I think that for the amount charged there should be an included wiring harness to connect the rear camera. Other wise this would be 5 out of 5.",4,"-","-","https://www.amazon.com/gp/customer-reviews/R3FLL8K8CRMFYZ/ref=cm_cr_getr_d_rvw_ttl?ie=UTF8&ASIN=B0DYV5YQ1Y","-","-"
"Reviewed in the United States on May 25, 2025","Must buy ‚ù§Ô∏è ","yes","yes","Hard to use at night","The camera works great during the day. However, for the price I paid for this. You would think they have a better night vision. It was very distracting driving with all the glares from the lights. I couldn't really see the cars behind me. Made it harder to drive. probably buy a different product and save some money.",1,"-","-","https://www.amazon.com/gp/customer-reviews/R3JX4O65OIZLL7/ref=cm_cr_getr_d_rvw_ttl?ie=UTF8&ASIN=B0DYV5YQ1Y","-","-"
"Reviewed in the United States on June 5, 2025","Nguyen","yes","yes","Great dashcam and customer services. Highly recommend","My pictures are not as clear as the one from this dashcam, overall great brightness, super fast connection via wifi, perfect feature to play footage from the same screen, my suggestion to improve would be to cut the long cable for GPS, bulky and useless, all you need is a smaller cable or to attache it to the screen, the other one is the daytime glare because of the screen it's super shine and creates a glare, and I would rethink the rearview camera mounting mechanism with a pressure ball instead of metal brackets with tine screws that can't tighten much, overall very satisfied and surprised, great camera and price doesn't justify. Highly recommend it!",5,"https://m.media-amazon.com/images/I/61V4VjNRl2L.jpg , https://m.media-amazon.com/images/I/61XKv6ZQXkL.jpg , https://m.media-amazon.com/images/I/61dTnXwH6NL.jpg , https://m.media-amazon.com/images/I/712nUwds9kL.jpg , https://m.media-amazon.com/images/I/71oOzpuT+WL.jpg","-","https://www.amazon.com/gp/customer-reviews/R1A52KH7NS32C1/ref=cm_cr_getr_d_rvw_ttl?ie=UTF8&ASIN=B0DYV5YQ1Y","-","-"
"Reviewed in the United States on April 25, 2025","Edward G.","yes","yes","better camera with a bigger screen","I have a few cameras before, but this camera is better. good picture quality, bigger screen, not hard to install, wifi connection is strong. I like the features it provides.  I hope it will last long.",5,"-","-","https://www.amazon.com/gp/customer-reviews/R29SLQ6OIQUX59/ref=cm_cr_getr_d_rvw_ttl?ie=UTF8&ASIN=B0DYV5YQ1Y","-","-"
"Reviewed in the United States on April 20, 2025","LR","-","yes","Dashcam","Now that a lot of us are commuting back and forth to work again, we are back to being subjected to the dangers of daily driving.  Without going on a long rant, there are some not so intelligent drivers out there. So, it‚Äôs up to us to protect ourselves.  That‚Äôs why I ordered this dash Cam.  Not only does it help keep an eye on the ‚Äúpeople‚Äù in front of me but with the backup camera, it helps me from becoming one of ‚Äúthose people‚Äù. The unit boasts voice control and 5g wifi, but it also includes a 64gb card, gps and parking monitoring. I love it because I feel like it adds a layer of protection from potential fraudulent drivers.The voice commands are awesome (and totally cool) -- it impresses those in the car as well.  Like the alerts.Hopefully I don't end up having an accident but in the event that I do and there is a doubt of fault then I feel comfortable having the dashcam.",5,"-","-","https://www.amazon.com/gp/customer-reviews/R3MJ27HKX3FX9Z/ref=cm_cr_getr_d_rvw_ttl?ie=UTF8&ASIN=B0DYV5YQ1Y","-","-"
"Reviewed in the United States on May 4, 2025","Jack ","yes","yes","good","his dash cam has exceeded all my expectations and is one of the best purchases I‚Äôve made for my car. The video quality is excellent‚Äîcrystal clear during the day and surprisingly sharp even at night. The wide-angle lens captures everything on the road, including the sides, which gives me peace of mind while driving. Installation was quick and easy, and the instructions were very clear. It mounted securely on my windshield and stays in place without any issues.The loop recording and G-sensor features work flawlessly. I‚Äôve already had an instance where someone cut me off and suddenly braked, and the dash cam automatically saved the footage. That video could be crucial for insurance claims. I also love that it starts recording automatically when I start the car, so I don‚Äôt have to think about it every time.The build quality feels solid and reliable, and the user interface is simple to navigate. I‚Äôve recommended this dash cam to several friends already, and they‚Äôre just as impressed. If you're looking for a dependable, high-quality dash cam at a reasonable price, look no further. This one has everything you need. Five stars, highly recommended!",5,"-","-","https://www.amazon.com/gp/customer-reviews/R1FFHMNHOV4RVJ/ref=cm_cr_getr_d_rvw_ttl?ie=UTF8&ASIN=B0DYV5YQ1Y","-","-"
"Reviewed in the United States on April 25, 2025","Y. T","yes","yes","vedio quality is good","The video quality is good, and the user manual is very easy to follow. The touchscreen mirror is very easy to set up.",5,"https://m.media-amazon.com/images/I/61H0iHjbsgL.jpg , https://m.media-amazon.com/images/I/71SYZIsZvsL.jpg","-","https://www.amazon.com/gp/customer-reviews/R1S1C5DNZKVGVU/ref=cm_cr_getr_d_rvw_ttl?ie=UTF8&ASIN=B0DYV5YQ1Y","-","-"
"Reviewed in the United States on April 24, 2025","Aboy","yes","yes","Great dashcam with driver assistance alert!","The Azdome pg17 dashcam has so many features that I like. First of all, it has the Driver Assistance which is a alert system based on the camera to warn possible accidents. It works well in my testing. If you don't want to replace your beloved old cars, I think this is super useful.  Secondly, it has both the front and read camera, which can capture footages from the back in case our cars are rearended. The video quality is readk 4k, crytal clear. Last but not the least, the installation is the same as other dashcam, it does take time and patience but it's worth the effort in the end, you can refer to the video tutorial to make is easier, you can buy a installation kit to wire from the car battery instead of the 12v power outlet. Highly recommended.",5,"https://m.media-amazon.com/images/I/61U8gRey+zL.jpg","-","https://www.amazon.com/gp/customer-reviews/RWRSHNL28FLRP/ref=cm_cr_getr_d_rvw_ttl?ie=UTF8&ASIN=B0DYV5YQ1Y","-","-"
"Reviewed in the United States on April 24, 2025","Johan moreno","yes","yes","El 4k es real","Usando en un toyota prius c 2015 ten√≠a mis dudas sobre su instalaci√≥n, sorpresa fue f√°cil la resoluci√≥n es buena y la pantalla f√°cil de manipular buena detecci√≥n de los coches, solo un detalle deber√≠a tener funci√≥n espejo",5,"https://m.media-amazon.com/images/I/81Idc7sjqCL.jpg","-","https://www.amazon.com/gp/customer-reviews/R2D3TI3X8EF07T/ref=cm_cr_getr_d_rvw_ttl?ie=UTF8&ASIN=B0DYV5YQ1Y","-","-"
"Reviewed in the United States on April 22, 2025","T. Yoshida","yes","yes","The best dash cam","My wife has similar dash cam so I wanted to get one. This dash cam doesn't not just record but highlights the car behind you with a green square. It does a great job. Also, it warns a car that's in the blind spot.",5,"https://m.media-amazon.com/images/I/71BJham8M7L.jpg","-","https://www.amazon.com/gp/customer-reviews/R3IN2OIG4DTYIE/ref=cm_cr_getr_d_rvw_ttl?ie=UTF8&ASIN=B0DYV5YQ1Y","-","-"
"Reviewed in the United States on April 21, 2025","Kristi","-","yes","This is packed with features.","This was easy to install and looks great in the car. It goes over the OEM mirror with no need to make permanent alterations. It‚Äôs easy to navigate the menus and it produces crisp and clear pictures.",5,"-","-","https://www.amazon.com/gp/customer-reviews/R2P3PBH3VGIO5R/ref=cm_cr_getr_d_rvw_ttl?ie=UTF8&ASIN=B0DYV5YQ1Y","-","-"
"Reviewed in the United States on May 15, 2025","Md Tareq Islam","yes","yes","ADAS, Parking Monitor, GPS ‚Äì All Working Great in My SUV","I recently installed the AZDOME PG17 Max 4K+2.5K Mirror Dash Cam on my Toyota Highlander. The installation was easy, and the sleek 12-inch mirror display is modern. The video quality is exceptional, with sharp and vivid footage from both front and rear cameras, even in low light.I appreciate the integrated GPS and voice control, parking monitor, and adaptive driving assistance. The 64GB storage card is convenient for immediate usage and storage.All functionalities have worked flawlessly, enhancing my driving confidence. I highly recommend this product for those seeking to improve their dash cam setup.",5,"https://m.media-amazon.com/images/I/71o9Uaie3JL.jpg , https://m.media-amazon.com/images/I/71tjGJ7l28L.jpg","-","https://www.amazon.com/gp/customer-reviews/RUP70U4GA79PE/ref=cm_cr_getr_d_rvw_ttl?ie=UTF8&ASIN=B0DYV5YQ1Y","-","-"
"Reviewed in the United States on April 22, 2025","JZ","yes","yes","Huge Upgrade ‚Äì No Glare & Fast Wi-Fi!","I got this to replace my old dash cam that was too reflective in sunlight and had no Wi-Fi. This one is a big improvement‚Äîclear screen even in strong light, plus the 5GHz Wi-Fi makes transfers quick. Definitely a solid upgrade.",5,"-","-","https://www.amazon.com/gp/customer-reviews/R5DIU2TKK0AJX/ref=cm_cr_getr_d_rvw_ttl?ie=UTF8&ASIN=B0DYV5YQ1Y","-","-"
"Reviewed in the United States on April 19, 2025","Viv","yes","yes","Easy to install","Can‚Äôt wait to use this dashboard camera! It‚Äôs a great product!",5,"-","-","https://www.amazon.com/gp/customer-reviews/R38E6EFZNI9APZ/ref=cm_cr_getr_d_rvw_ttl?ie=UTF8&ASIN=B0DYV5YQ1Y","-","-"
"Reviewed in the United States on April 27, 2025","Yiheng Li","yes","yes","Clean looking","Had another azdome dash cam before. This one has better video quality. It clips on mybrear view mirror so It looks as OEM as possible.",5,"-","-","https://www.amazon.com/gp/customer-reviews/R2N8L15ETE5J5O/ref=cm_cr_getr_d_rvw_ttl?ie=UTF8&ASIN=B0DYV5YQ1Y","-","-"
"Reviewed in the United States on April 24, 2025","Amazon Customer","yes","yes","Nice Dashcam with Great Features","This dash cam includes so many new features such as backup camera, ADAS, BSD, LCA, GPS, and a big screen. I am thoroughly impressed. Can‚Äôt wait to start recording.",5,"-","-","https://www.amazon.com/gp/customer-reviews/REMALAPXNQL65/ref=cm_cr_getr_d_rvw_ttl?ie=UTF8&ASIN=B0DYV5YQ1Y","-","-"
"Reviewed in the United States on June 4, 2025","Dakotah Chaney","-","yes","Works great, long install!","Impressive quality, works great and the clarity is amazing!  The picture/film is wonderful, very clear and easy to see!  Video keeps up with real time and the pictures are very clear!  The color is bright and everything matches what you can physically see!The included memory card is great and holds tons of photos/videos not making you clear them off in short amounts of time!  The memory card is easy to insert and take out for ease of access!All of the settings are easy to work with, they can be adjusted to your liking and stay in that setting until you physically change them yourself!  There is a neat setting to let you know and alert you when things are within so many feet to your vehicle!The GPS feature is great, it is very clear and the voice communication is excellent as it is easy to understand.  The downloadable app is amazing, easy to work with and navigate.  Settings are easily adjusted in the app and it allows you to better connect with your camera!Wonderful value!!",4,"-","-","https://www.amazon.com/gp/customer-reviews/R2DZLMVNM4RQOD/ref=cm_cr_getr_d_rvw_ttl?ie=UTF8&ASIN=B0DYV5YQ1Y","-","-"
"Reviewed in the United States on April 29, 2025","Camille ","-","yes","Tech-Savvy Mirror Cam","This Mirror Cam has some pretty impressive features; the screen is a nice size, provides a clear view, and has good video quality.  This is a solid mirror cam with good video quality and useful features.  The instructional video is helpful, and I recommend watching it for visual details on installing it.  I found the video helpful.  My Husband says he didn't need it, but I saw him peeping and listening as I played it while he installed the wiring down the door panel in his truck (lol).  All of our vehicles are already equipped with lane change assist and GPS features, so these features on the mirror cam may be great for cars without them. Having it on the mirror cam and as part of the vehicle's features is overkill.  I'm also not a fan of having to thread wires. After installing car seat covers in a few of our vehicles this past month, I'm done with threading anything through and around the interior of cars and trucks.  Overall, this is a solid choice for ‚Äúdash cam‚Äù technology.  I am impressed by the level of quality put into making it. The features are high tech and in line with the latest technology today.  I highly recommend this mirror cam.  I was excited to see it in my ‚ÄúRecommended for You‚Äù tab.  Don‚Äôt sleep on this camera, It's a great option.",5,"-","-","https://www.amazon.com/gp/customer-reviews/R16GWEII5IN6LR/ref=cm_cr_getr_d_rvw_ttl?ie=UTF8&ASIN=B0DYV5YQ1Y","-","-"
"Reviewed in the United States on June 20, 2025","Michelle H","yes","yes","Feature-packed, smart 4K Dashcam","My first impression is this product is thoughtfully designed. It came in a well-packaged box that included everything I needed: the main 4K dashcam, a rear camera, a GPS module, a 64GB microSD card, installation tools, and especially a cigarette socket adapter with a built-in USB port that lets you charge your phone while using the dashcam.The build quality feels premium with high-end materials and a nice finish. The large touch screen is both responsive and bright, making it easy to interact with settings and view footage.Installation was quick and easy as the manual includes a link to a step-by-step video tutorial.The video quality is excellent. The 4K front camera captures sharp, detailed footage that clearly shows surroundings, even in lower lighting. All recordings can be accessed from the mobile app, which is so convenient.My favorite feature is the smart driving assistance system. It includes ADAS, Blind Spot Detection (BSD), and Lane Change Assist (LCA), which provide helpful alerts to enhance road safety. The settings are customizable, allowing you to fine-tune sensitivity, speed thresholds, tones, and even the area of coverage for alerts.Voice control is another standout. Simple commands like ‚Äúturn on/off recording,‚Äù ‚Äútake picture,‚Äù ‚Äúshow front/rear camera,‚Äù and ‚Äúturn off screen‚Äù work reliably and add a hands-free convenience for your driving.This is by far the best and first smart dashcam I‚Äôve owned",5,"https://m.media-amazon.com/images/I/61hQwLIFE+L.jpg , https://m.media-amazon.com/images/I/71+2lYitrFL.jpg , https://m.media-amazon.com/images/I/717yZHZxdHL.jpg , https://m.media-amazon.com/images/I/71853jVrYWL.jpg , https://m.media-amazon.com/images/I/71pVk1tHvOL.jpg , https://m.media-amazon.com/images/I/71xewMdSgVL.jpg , https://m.media-amazon.com/images/I/81HZ-fZivlL.jpg , https://m.media-amazon.com/images/I/81qzzrZ7d4L.jpg , https://m.media-amazon.com/images/I/81uiBQFnawL.jpg","-","https://www.amazon.com/gp/customer-reviews/R7DTSJ3VKJNER/ref=cm_cr_getr_d_rvw_ttl?ie=UTF8&ASIN=B0DYV5YQ1Y","-","-"
"Reviewed in the United States on May 16, 2025","Diaz","yes","yes","Nunca me he sentido tan segura manejando","Excelente c√°mara, me siento s√∫per seguroLa AZDOME PG17 Max es la mejor c√°mara retrovisora que he tenido. La calidad de imagen en 4K + 2.5K es incre√≠ble, y el monitor de 12‚Äù se ve perfecto. Las funciones como ADAS, BSD, LCA y el control por voz me hacen sentir muy seguro al conducir. Adem√°s, incluye WiFi de 5 GHz y tarjeta de memoria, lista para usar. ¬°La recomiendo totalmente!",5,"https://m.media-amazon.com/images/I/61v9M0bYH1L.jpg","-","https://www.amazon.com/gp/customer-reviews/R2RDDFFRHVZ8IZ/ref=cm_cr_getr_d_rvw_ttl?ie=UTF8&ASIN=B0DYV5YQ1Y","-","-"
"Reviewed in the United States on April 24, 2025","Jack","yes","yes","Easy set up and good resolution","i installed in my car for a week. Good resolution and easy to set up. It also looks good. Recommended.",5,"https://m.media-amazon.com/images/I/71ujsjomgjL.jpg","-","https://www.amazon.com/gp/customer-reviews/R3P2D7CZMTAESM/ref=cm_cr_getr_d_rvw_ttl?ie=UTF8&ASIN=B0DYV5YQ1Y","-","-"
"Reviewed in the United States on June 25, 2025","Amber","yes","yes","Could be better","Not bad but not good. Front camera is good but back camera is lacking. Not sure how they look on actual footage but the image on the screen of the device is very very dark for the back camera. When I hold my hand over the top of the back camera, the image brightens up and when I remove it and have the camera just sit normally, it gets very dark with high contrast. Seems to be some kind of HDR or light focusing issue. The reflective surface of the device is just that, a reflective surface, not very mirror like. It‚Äôs dark and almost mimics the look and reflectiveness of a phone screen. Both of these issues make it hard to use this as a rearview mirror replacement. I have another AZDOME mirror dash cam, their flagship device and I can dramatically tell the difference in quality. I guess it‚Äôs good for the price, but if you can afford to get their highest model, I recommend it.",3,"-","-","https://www.amazon.com/gp/customer-reviews/R25VXP384RMJX/ref=cm_cr_getr_d_rvw_ttl?ie=UTF8&ASIN=B0DYV5YQ1Y","-","-"
"Reviewed in the United States on June 28, 2025","Sean S.","yes","yes","Great aftermarket mirror and easy to install","I've been using this mirror for a week and I'm quite happy with it.What I like:- The camera/functionality is great right out of the box.- Installation was easy. I purchased the hardwire kit, and the cable was long enough for a 2004 Scion xB. The reverse wire, however, was not, but that's because the Scion's reverse light is in a weird place and not a fault in the kit. I ran an extra few feet of wire to solve that problem.- The hardwire kit comes with multiple fuse jumpers to accommodate whichever type your car uses.- The display image is bright.- I haven't encountered any problems with camera glare, and the HDR seems to perform well at night and when driving directly into/away from the sun.- The installation video provided general information and wasn't too ""vehicle specific.""This mirror is WIDE, and if your cabin is narrow, it may interfere with your driver/passenger visors. Fortunately, the mounting bracket I got allowed me to maneuver the mirror into a position that's just out of the way enough that I'm able to lower both visors without any issue. My Scion is a small car, so if this mirror works for it, it will probably work for most.The few things I'd change:- The default driving impact sensitivity (that determines when the camera saves a recording) is very high. Driving over even moderately bumpy roads triggers the ""save recording"" function. Even after changing it to the least sensitive position, driving over railroad tracks or hitting bumps in the road saves the recording.- The mirror displays messages (like ""Calibration complete"") in a large grey box in the center of the mirror that's a bit distracting when driving since it covers the middle of the rear-view image. I'd prefer something in a corner instead. Fortunately, the messages are only displayed briefly, so they don't block the view for long.I didn't want to have the mirror strapped to my existing mirror, so I purchased a mirror installation bracket/back plate. I couldn't find specs on the bolt pattern for this mirror, so I took a chance. The bracket I picked didn't have the correct bolt pattern, but it only took about 5 minutes to measure, mark, and drill four 1/16"" holes in the bracket.To mount the mirror this way, you'll need to peel back the rubber strips on the back of the mirror mounting plates, which will reveal four, small screws. Remove them and discard the plastic mounting pieces, then use the screws to attach the mirror to the bracket. Voila!",5,"-","-","https://www.amazon.com/gp/customer-reviews/R17DT9G6KAZFPP/ref=cm_cr_getr_d_rvw_ttl?ie=UTF8&ASIN=B0DYV5YQ1Y","-","-"
"Reviewed in the United States on April 26, 2025","KINDLE USER","-","yes","Simple install","Wanted something for my SxS to see when backing up and this does great. Really like the 3 options of the screen, forward,rear or split screen with both.  Super simple to install and working in minutes.",5,"https://m.media-amazon.com/images/I/71HTYNVxPwL.jpg , https://m.media-amazon.com/images/I/81IgrLgjbfL.jpg","-","https://www.amazon.com/gp/customer-reviews/R2CXQ403EXZ0UY/ref=cm_cr_getr_d_rvw_ttl?ie=UTF8&ASIN=B0DYV5YQ1Y","-","-"
"Reviewed in the United States on May 8, 2025","letmepicyou","-","yes","Great camera, but does NOT come with parking feature.","Overall, I like this dash camera.  The image quality is great, the build quality is great, and it has more features than I care to even mention, but among the basics it has its own GPS antenna, dual cameras, and voice control (!).  It also has a bunch of ""help you drive"" features which I'll likely never use, but they're there if you want them.  It's fairly easy to navigate the UI, and there's also an app to use as well.  I really didn't get into the app, because for me it's easier to plug the SD card into my computer and extract the files I need that way.Installation is...well, FAIRLY easy, but it is a bit tedious to mount the rear camera, depending on where you put it and how your car is set up.  In all, it works really well, and I can't imagine someone not being very happy with this.My only complaint is the fact it doesn't come with the parking feature as stated in the description.  It's a ~$25 add-on feature that you have to purchase separately (B0BM9JL327).  I don't know why this always seems to be an add-on feature; it makes it feel like the micro-transaction video game world has come into real life.  I really don't know who wouldn't want the parking monitor feature, it seems really silly not to have it, and for the life of me I can't imagine why it's not included with the unit itself.Aside from that little omission, the cam itself is great.  Good image, good build, and easy to use.  I recommend it, but don't forget the parking monitor add-on.  4 stars.",4,"-","-","https://www.amazon.com/gp/customer-reviews/R2YWRZGWLXBIUD/ref=cm_cr_getr_d_rvw_ttl?ie=UTF8&ASIN=B0DYV5YQ1Y","-","-"
"Reviewed in the United States on April 30, 2025","Rock","-","yes","Great","This is a great dash cam.  Very high resolution even from the back camera.  Wide screen is beautiful by just placing it over the original rearview mirrorlThere are so many features including driver assist to warn about accidents and pedestrians.  This is a great upgrade for most older cars.",5,"-","-","https://www.amazon.com/gp/customer-reviews/RNCCS52U26EHE/ref=cm_cr_getr_d_rvw_ttl?ie=UTF8&ASIN=B0DYV5YQ1Y","-","-"
"Reviewed in the United States on May 30, 2025","V. de Mauro Jr","yes","yes","You need to improve a lot!","The USB power of the outlet is horrible does not maintain the load, does not have the possibility to zoom in on the rear camera for approach adjustment. Completely inaccurate reverse camera. I returned...",2,"-","-","https://www.amazon.com/gp/customer-reviews/R3OFLD1Q33O4NV/ref=cm_cr_getr_d_rvw_ttl?ie=UTF8&ASIN=B0DYV5YQ1Y","-","-"
"Reviewed in the United States on July 6, 2025","Gang Li","yes","yes","Excellent","Product shipped in good package.Image quality is good.Easy to install.Function as described",5,"https://m.media-amazon.com/images/I/61u5Fgc47uL.jpg , https://m.media-amazon.com/images/I/71aGj6Cf91L.jpg , https://m.media-amazon.com/images/I/71gq7iVhrwL.jpg","-","https://www.amazon.com/gp/customer-reviews/R1RMROPYD081ZR/ref=cm_cr_getr_d_rvw_ttl?ie=UTF8&ASIN=B0DYV5YQ1Y","-","-"
"Reviewed in the United States on June 1, 2025","Haysam S.","yes","yes","Smooth and really clear picture quality has voice commands","Very clear image and cane with long cable length as for speed very smooth operating it seems easy to clip and install. With also voice commands for recording",5,"https://m.media-amazon.com/images/I/619b+ENHbDL.jpg , https://m.media-amazon.com/images/I/61XM+BKXX+L.jpg , https://m.media-amazon.com/images/I/61fNW40sZEL.jpg","-","https://www.amazon.com/gp/customer-reviews/R1Z5XZYNN38QH6/ref=cm_cr_getr_d_rvw_ttl?ie=UTF8&ASIN=B0DYV5YQ1Y","-","-"
"Reviewed in the United States on May 18, 2025","Gerardo","yes","yes","Crystal Clear!","This dash cam is amazing! The 4K front and 2.5K rear video quality is super clear, even at night. Setup was simple, and the 12"" touch screen is easy to use. I love the voice control, built-in GPS, and safety features like ADAS and blind spot alerts. Great value and it even comes with a 64GB card!",5,"https://m.media-amazon.com/images/I/71TfYXCWaZL.jpg","-","https://www.amazon.com/gp/customer-reviews/R30A1SY5CTV8QT/ref=cm_cr_getr_d_rvw_ttl?ie=UTF8&ASIN=B0DYV5YQ1Y","-","-"
"Reviewed in the United States on May 13, 2025","David Chen","yes","yes","Ginormous screen and easy install","Ive never attempted to install anything in a car and was a little daunted to try this to be honest cus the friend that referred this dash cam said her Dad did it for her but that he was a mechanic. So when in doubt go to YouTube! And for sure there was a video install of this exact model. My only advice is 100% install the anti-glare film on in your dust free home before you hook it up to the rearview mirror cus OMG the dust specs are everywhere in the car! But overall I think I did a fairly decent job with the install. The first thing I luv about this and that didnt disappoint was how large the screen is. Its a good 15%-20% bigger that the rearview mirror and the resolution is crystal clear! The dual screen function is great as well so you can see both angles when driving. It a quality build just based on the weight of the device, but also the many functions you can scroll through like voice recording, wifi and gps stamp on your videos which have up to 3min loop mode so you never have to manually delete. Its been getting crazy out there with all the distracted drivers so im glad Im prepared now if any disputes arise!",5,"https://m.media-amazon.com/images/I/6128rKiSmYL.jpg","-","https://www.amazon.com/gp/customer-reviews/R19NBCHNCZ8H0D/ref=cm_cr_getr_d_rvw_ttl?ie=UTF8&ASIN=B0DYV5YQ1Y","-","-"
"Reviewed in the United States on May 3, 2025","Ellen","yes","yes","Well constructed camera set","Huge display! High quality materials and can‚Äôt wait to put it to use.",5,"-","-","https://www.amazon.com/gp/customer-reviews/RTDVFJ81MZ97V/ref=cm_cr_getr_d_rvw_ttl?ie=UTF8&ASIN=B0DYV5YQ1Y","-","-"
"Reviewed in the United States on June 21, 2025","Andrew Pfaff","yes","yes","Make sure you study the dimensions and measure for your sun visors.","Make sure you study the dimensions and measure for your sun visors. The unit is a tiny bit too big to stay clear of both sun visors in my car. But I‚Äôd already done the full installation when I figured this out. So whenever I have a passenger in the front they may be mildly inconvenienced. Unit performs as advertised.",5,"-","-","https://www.amazon.com/gp/customer-reviews/R3B7SE681K21Q4/ref=cm_cr_getr_d_rvw_ttl?ie=UTF8&ASIN=B0DYV5YQ1Y","-","-"
"Reviewed in the United States on June 12, 2025","John Williams","yes","yes","Far more than I was expecting","This thing is loaded with features and the screen is so clear. It really does look like a mirror.",5,"-","-","https://www.amazon.com/gp/customer-reviews/R2L248MPT5BXFX/ref=cm_cr_getr_d_rvw_ttl?ie=UTF8&ASIN=B0DYV5YQ1Y","-","-"
"Reviewed in the United States on June 3, 2025","Gladys Young","yes","yes","Rear view recording gives you extra protection","After being bumped from rear in parking lot twice recently and no evidence can prove that I didn‚Äôt move, I decided to get this dash camera with rear view recording. It takes some time to set it up but it works fantastically. Video is very clear. It came with a 64G memory card, which is great.",5,"-","-","https://www.amazon.com/gp/customer-reviews/R1MV6Y17KFCGHS/ref=cm_cr_getr_d_rvw_ttl?ie=UTF8&ASIN=B0DYV5YQ1Y","-","-"
"Reviewed in the United States on June 3, 2025","4ddy paul","yes","yes","Love it!!!","I absolutely love it. I am a new driver and was driving a car without back camera. I was always scared while reversing out of a parking space. This helps so much with my parking space anxiety. I can even do a reverse parking now. The video quality is great and works well at night too. The GPS also helps to make my driving safer as I don‚Äôt have to constantly look at my phone for maps.The installation was easy enough, I could do it by following the video. Overall, I loved it, and I think every car should have these features.",5,"-","-","https://www.amazon.com/gp/customer-reviews/R3KI0LXTQSXJ2M/ref=cm_cr_getr_d_rvw_ttl?ie=UTF8&ASIN=B0DYV5YQ1Y","-","-"
"Reviewed in the United States on June 1, 2025","Nick Lee","yes","yes","Clean setup and very convenient","This is one of the best things I have bought. It is very good product of excellent quality. This 12 inches IPS touch screen is built with 4K Ultra UHD, the highest quality record video in significantly higher clarity and detail. The built-in WiFi allows me to view dash cam video in real-time, download recordings, and adjust settings without using cables or memory card. This device also contains a built-in GPS Tracking to keep records of my vehicle 's location as I drive. I can operate the dash cam using voice commands without taking hands of the steering wheel, which providing safer driving. The camera has ADAS, BSD and LCA to detect potential hazards, blind spots, and assist me to switch lanes when needed. This product has parking assistance as well, which provides a wide field of vision when reversing, avoiding collision or scratches by blind spots, and helps me park safely. The dash cam has 24 hours parking monitoring that keeps record vehicle's surrounding when the car is parked and when the engine is off.  When SD card becomes full, dash cam will automatically overwrite the oldest unlocked footage. This car mirror cam is full screen touch, split screen display, front and rear dual recording with wide angle, supper clear night vision, adjustable view angle, the picture quality is good, looks nice, the operating system is smooth, very lightweight, and installation was easy and simple.",5,"-","-","https://www.amazon.com/gp/customer-reviews/RBEG7AWWBE0SL/ref=cm_cr_getr_d_rvw_ttl?ie=UTF8&ASIN=B0DYV5YQ1Y","-","-"
"Reviewed in the United States on May 5, 2025","bob","yes","yes","Good  stuff","Although the wiring is needed, the lens of the driving recorder is really clear, and the seller has also sent a user guide.",5,"-","-","https://www.amazon.com/gp/customer-reviews/R3KKU6MF5DNCZ/ref=cm_cr_getr_d_rvw_ttl?ie=UTF8&ASIN=B0DYV5YQ1Y","-","-"
"Reviewed in the United States on April 25, 2025","Sherry","yes","yes","Easy to install","The overall effect is excellent. The picture quality is very clear. I have been using it for some time. I think it's very good and worth buying.",5,"-","-","https://www.amazon.com/gp/customer-reviews/R2SOHTYY0QNMH4/ref=cm_cr_getr_d_rvw_ttl?ie=UTF8&ASIN=B0DYV5YQ1Y","-","-"
"Reviewed in the United States on May 7, 2025","Aaron","-","yes","Delicate.","This rearview mirror car recorder. After opening the box, the first thing I felt was that it was exquisitely crafted and had a good texture. Unlike some cheap products, the picture is clear and sharp, with rich details, and key information such as license plates can be clearly identified.",5,"https://m.media-amazon.com/images/I/61++uyPWOoL.jpg","-","https://www.amazon.com/gp/customer-reviews/R1K6FP2E77LCSH/ref=cm_cr_getr_d_rvw_ttl?ie=UTF8&ASIN=B0DYV5YQ1Y","-","-"
"Reviewed in the United States on July 10, 2025","Mrs. Clare's Books","-","yes","Good, but lacking in night vision","Why did you pick this product vs others?:I was looking primarily for a dash cam and rear-view camera for an older vehicle that didn't come with a back-up camera.Ease of installation:Installation was straightforward, but it took some time to fit the mirror over the existing rear-view mirror.¬†Functionality:There are too many features to name. Definitely way more than I will ever use, but the functionality of the features I do use is great.Camera quality:The camera quality is excellent. It really looks like 4k vision.Night vision:Night vision is where this camera is seriously lacking. It is nearly impossible to see anything of substance at night without other light sources around.",3,"-","-","https://www.amazon.com/gp/customer-reviews/R30RQ13LHKU38Q/ref=cm_cr_getr_d_rvw_ttl?ie=UTF8&ASIN=B0DYV5YQ1Y","-","-"
"Reviewed in the United States on May 16, 2025","Cagalli","-","yes","great for scam prevention ~","I had a professional install it. The shop did not charge me extra. The experienced installer said he didn‚Äôt see anything wrong with it. He also mentioned he hadn‚Äôt heard many complaints about this model or brand. That gave me more confidence in my choice. This dash cam gives me peace of mind. With so many scams happening on the road, it helps protect me. If someone tries to pull a fake accident or insurance scam, I‚Äôll have video proof.  So far, it is working without any issues.",4,"-","-","https://www.amazon.com/gp/customer-reviews/R3BFWNIWZXQ0GS/ref=cm_cr_getr_d_rvw_ttl?ie=UTF8&ASIN=B0DYV5YQ1Y","-","-"
"Reviewed in the United States on May 11, 2025","alicat","-","yes","Helped Me Prove I Wasn‚Äôt at Fault","Picked this up hoping I‚Äôd never need it‚Äîthen a fender bender happened. Someone swerved into my lane and tried to blame me, but the footage from this camera clearly showed otherwise. The 4K front cam caught everything, and the rear cam filled in the rest. Absolutely saved me from dealing with a bogus claim.The blind spot alerts and lane change assistance have made daily driving feel safer, especially during highway merges. Voice commands are handy, and setup wasn‚Äôt bad at all.Only note is that to use the full parking mode, you‚Äôll need to buy a separate hardwire kit. Still, for the peace of mind and clear footage, this thing‚Äôs absolutely worth it.",5,"-","-","https://www.amazon.com/gp/customer-reviews/R2JEK3NDCO5V8O/ref=cm_cr_getr_d_rvw_ttl?ie=UTF8&ASIN=B0DYV5YQ1Y","-","-"
"Reviewed in the United States on May 1, 2025","Customer Review","-","yes","So far so good.","Setting up these style of dash cams is very simple because you pretty much just connect this to your car's charging port, and it should power on every time you run the car. Setup is extremely simple, and the dash cam video quality is solid, although it is not the best by any means, you can still capture everything that you need to capture. It takes a bit of time to get used to the longer rear view mirror, which in my case, was a lot larger than my OEM mirror. The included SD card is horrible, so my suggestion is to pick up a reliable brand such as Sandisk or Samsung.I have been through my fair share of these types of dash cams, and I can assure you that the failing point, if there happens to be one, will 99% of the time be in the capturing of the footage. Over time, these dash cams just start capturing on and off in a super sporadic way, and footage will be all over the place, so I hope this is not the case with this one.",5,"-","-","https://www.amazon.com/gp/customer-reviews/R2N4A4XA369PFD/ref=cm_cr_getr_d_rvw_ttl?ie=UTF8&ASIN=B0DYV5YQ1Y","-","-"
"Reviewed in the United States on May 7, 2025","Desiree alvarez","yes","-","Excelente ü§©","Despu√©s de probar la AZDOME PG17 Max, puedo decir que es una excelente opci√≥n si buscas una dash cam completa con calidad profesional. Lo que m√°s destaca es su resoluci√≥n 4K Ultra HD, que ofrece una imagen muy n√≠tida tanto de d√≠a como de noche, ideal para capturar cualquier detalle en carretera.El dise√±o como espejo retrovisor es muy pr√°ctico: se instala f√°cilmente sobre el espejo original y no estorba la visibilidad. Adem√°s, la pantalla t√°ctil es intuitiva y permite controlar las funciones con solo deslizar el dedo. Incluye tambi√©n c√°mara trasera, lo cual es muy √∫til para estacionarse o tener visi√≥n completa del entorno del veh√≠culo.La funci√≥n de grabaci√≥n en bucle y detecci√≥n de movimiento da tranquilidad extra en caso de accidentes o incidentes mientras el auto est√° estacionado.Puntos a favor: ‚Ä¢ Resoluci√≥n 4K muy clara y detallada ‚Ä¢ Pantalla grande t√°ctil y f√°cil de usar ‚Ä¢ C√°mara delantera y trasera incluidas ‚Ä¢ Grabaci√≥n en bucle y detecci√≥n de movimiento ‚Ä¢ F√°cil instalaci√≥nPuntos a mejorar: ‚Ä¢ No incluye tarjeta microSD ‚Ä¢ Puede requerir algo de tiempo para configurar todas las funciones",5,"https://m.media-amazon.com/images/I/717t0MCt9nL.jpg","-","https://www.amazon.com/gp/customer-reviews/R1ALR9E6TGGY8L/ref=cm_cr_getr_d_rvw_ttl?ie=UTF8&ASIN=B0DYV5YQ1Y","-","-"
"Reviewed in the United States on May 5, 2025","Shellyann Beckford","yes","-","Great dash! üëè üëå","The azdome 4k with ADAS,BSD and LCA,12"" rear view mirror is just remarkable üëå the clarity it gives me when viewing üòÄ and the 4k view is  astonishing,gosh I love my dash. With a Wapping 64 GB,GPS,parking monitorIt's easy to install and accurate at every angle of viewing.very eye cashing and soothingly dashing üòå",5,"https://m.media-amazon.com/images/I/51umadx9LCL.jpg","-","https://www.amazon.com/gp/customer-reviews/R1TEJ5K6YOBHKU/ref=cm_cr_getr_d_rvw_ttl?ie=UTF8&ASIN=B0DYV5YQ1Y","-","-"
"Reviewed in the United States on April 30, 2025","Cassandra Delrai Gonzales","yes","-","Awesome","Picture quality is awesome. The recording settings is easy to get to And it is easy to use on a bright dayI like it has all these safety features for your blind side",5,"https://m.media-amazon.com/images/I/71LFQfrsksL.jpg","-","https://www.amazon.com/gp/customer-reviews/R15VRLBSAUUBI1/ref=cm_cr_getr_d_rvw_ttl?ie=UTF8&ASIN=B0DYV5YQ1Y","-","-"
"Reviewed in the United States on April 24, 2025","JZ","yes","-","New Dash Cam","I recently installed the dash cam and was genuinely impressed by how simple and hassle-free the setup was‚Äîclear instructions had it fitted into my rearview mirror within minutes.",5,"-","-","https://www.amazon.com/gp/customer-reviews/R12FZHLWR6CUN6/ref=cm_cr_getr_d_rvw_ttl?ie=UTF8&ASIN=B0DYV5YQ1Y","-","-"
"Reviewed in the United States on April 24, 2025","nihad abu arab ","yes","-","I recommend","It‚Äôs a great item I recommend",5,"https://m.media-amazon.com/images/I/712ji8gVSbL.jpg , https://m.media-amazon.com/images/I/71j3nu2dqaL.jpg","-","https://www.amazon.com/gp/customer-reviews/RELJ9MCEC2P9X/ref=cm_cr_getr_d_rvw_ttl?ie=UTF8&ASIN=B0DYV5YQ1Y","-","-"
"Reviewed in the United States on June 21, 2025","Urko","yes","-","KNOWLEDGE IS TRUTH","USA1. ADAS is FRONT camera .. BSD and LCA are REAR camera.FACT: only ONE camera at a time .. CANNOT run ADAS with BSD/LCA, and vice-versa. Disappointing.2. audio output is TOO FAST .. TOO GARBLED .. to be helpful .. CANNOT understand.3. README in past firmware .. in CHINESE.4. The app .. other than transferring data .. did NOT add any functionality .. seemed mostly for selling ..5. Returned, got full refund.",3,"-","-","https://www.amazon.com/gp/customer-reviews/R1M069ZSO489FW/ref=cm_cr_getr_d_rvw_ttl?ie=UTF8&ASIN=B0DYV5YQ1Y","-","-"
"Reviewed in the United States on June 28, 2025","Mikey","yes","-","Finally have a quality front camera/dash camera for my Tesla Model S","Had it professionally installed in my Tesla Model S. Works beautifully. Very pleased with the product and highly recommend!",5,"-","-","https://www.amazon.com/gp/customer-reviews/R2WY8JQ63WXCDH/ref=cm_cr_getr_d_rvw_ttl?ie=UTF8&ASIN=B0DYV5YQ1Y","-","-"
"Reviewed in the United States on June 15, 2025","Jeff Van Ess","yes","-","Difficult understanding some of the words.","I would give it a 9.9 out of 10.",5,"-","-","https://www.amazon.com/gp/customer-reviews/R1ZV4282YROZ9P/ref=cm_cr_getr_d_rvw_ttl?ie=UTF8&ASIN=B0DYV5YQ1Y","-","-"
"Reviewed in the United States on June 6, 2025","Renato Diaz","yes","-","Solid product","Nice product, works perfectly, would buy it again and recommend it to my friends!!",5,"-","-","https://www.amazon.com/gp/customer-reviews/R1GC9ZE23JVPX8/ref=cm_cr_getr_d_rvw_ttl?ie=UTF8&ASIN=B0DYV5YQ1Y","-","-"
"Reviewed in the United States on May 23, 2025","Sarmlnakhtar","yes","-","5 star I love my camera extra protection","Very good I love it so much , it give me extra protection due to nYC driving is bad . I definitely give 5 star highly recommended",5,"-","-","https://www.amazon.com/gp/customer-reviews/R37YUXNIZ33TED/ref=cm_cr_getr_d_rvw_ttl?ie=UTF8&ASIN=B0DYV5YQ1Y","-","-"
"Reviewed in the United States on May 11, 2025","jay","yes","-","Bad ass","Bad ass",5,"-","-","https://www.amazon.com/gp/customer-reviews/R2RKXKZ0MTXUO/ref=cm_cr_getr_d_rvw_ttl?ie=UTF8&ASIN=B0DYV5YQ1Y","-","-"
"Reviewed in the United States on May 10, 2025","Anthony cata","yes","-","Wow!","Very cool design. The screen is big and clear, and it has lots of features packed in. Took a little time to set up, but once it‚Äôs in it works great. Quality is amazing! Definitely worth the buy!",5,"-","-","https://www.amazon.com/gp/customer-reviews/R2GZAGQ76V5J95/ref=cm_cr_getr_d_rvw_ttl?ie=UTF8&ASIN=B0DYV5YQ1Y","-","-"
"Reviewed in the United States on May 10, 2025","Amber","yes","-","Great video quality","The video quality of the dash cam is outstanding, it's clear during both day and night. It captures a wide field of view, which makes me feel much safer on the road. The installation and setting up is simple, I installed it and adjusted quickly using the step-by-step guide, took me less than half an hour. Definitely a solid upgrade.",5,"-","-","https://www.amazon.com/gp/customer-reviews/RUBJ2FYD87F52/ref=cm_cr_getr_d_rvw_ttl?ie=UTF8&ASIN=B0DYV5YQ1Y","-","-"
"Reviewed in the United States on May 8, 2025","Margalit","yes","-","Hangs over rearview mirror doesn‚Äôt impair vision","So this replaces my previous dash cam which got in the way as it impaired my vision this doesn‚Äôt appear any vision because it hangs over your rearview mirror",5,"-","-","https://www.amazon.com/gp/customer-reviews/R3AE98DVVYX3M4/ref=cm_cr_getr_d_rvw_ttl?ie=UTF8&ASIN=B0DYV5YQ1Y","-","-"
"Reviewed in the United States on May 5, 2025","Denise Devoe","yes","-","Next-Level Dash Cam Setup!","This mirror dash cam is next-level legit. The video quality is clear and crisp. You can see every little detail, even at night or in the rain. The screen basically turns your rearview mirror into a smart display‚Äîit‚Äôs super clear and responsive. The lane assist, blind spot alerts, etc., are such a bonus you don't get with a traditional dash cam. The voice control actually works really well, and watching clips on your phone is fast. The parking monitor is solid, too.If you‚Äôre trying to level up your safety and tech vibes, this thing‚Äôs amazing!",5,"-","-","https://www.amazon.com/gp/customer-reviews/RNEYD5E79NR16/ref=cm_cr_getr_d_rvw_ttl?ie=UTF8&ASIN=B0DYV5YQ1Y","-","-"
"Reviewed in the United States on April 25, 2025","Rick","yes","-","Great dash cam","Great product with good image quality,easy to install,best thing we could have gotten!",5,"-","-","https://www.amazon.com/gp/customer-reviews/R39YN9SVU80O3Y/ref=cm_cr_getr_d_rvw_ttl?ie=UTF8&ASIN=B0DYV5YQ1Y","-","-"
"Reviewed in the United States on July 16, 2025","yapchagi","-","-","very useless at night. Overexposure from the headlights behind me.","Everything is good except during night time driving. It is impossible to use this at night. The lights from the cars are too bright even when they're far away. I could literally see the car behind me 1 block away stopping at the red light from my side mirror. But when u see it on this dashcam, it is shining soooo bright that the bright white circle from the overexposure is even bigger than the car itself. Most likely no HDR/WDR present.Also the BSD function is so annoying. It marks all the cars with a square box behind me. You can't turn it off under BSD or LCA setting. You must turn on ADAS in order to turn off that annoying car markings. Minus 2 stars for those 2 reasons. Returning this asap.I'll get Wolfbox G850 instead. That one has WDR. I used it last year and it was way better to view the back at night. But do not get Wolfbox for their ADAS/BSD!!!",3,"-","-","https://www.amazon.com/gp/customer-reviews/R271XRQBQYV2LE/ref=cm_cr_getr_d_rvw_ttl?ie=UTF8&ASIN=B0DYV5YQ1Y","-","-"
"Reviewed in the United States on June 11, 2025","Customer Review","-","-","Wow. This is a great mirror cam!","Outstanding product with best camera results. No hassle in installation and its been 1 week and its working great.",4,"-","-","https://www.amazon.com/gp/customer-reviews/R3DL4ASKTPR92Y/ref=cm_cr_getr_d_rvw_ttl?ie=UTF8&ASIN=B0DYV5YQ1Y","-","-"
"Reviewed in the United States on July 13, 2025","John Brownlee","-","-","The Dragon‚Äôs Eye Mirror ‚Äî Watch Your Back (Literally)","This dash cam is like having a vigilant dragon guarding your ride, with 4K+2.5K video sharp enough to spot a skunk crossing the road at midnight. It even talks to you with voice control and keeps an eye on your parking lot shenanigans. The included 64GB SD card is a nice bonus, but it‚Äôs the tech equivalent of a raccoon sneaking snacks ‚Äî a no-name card I wouldn‚Äôt trust for my most important footage. If you want your videos crisp and your evidence uncorrupted, invest in a faster, tougher card or risk losing your best ‚ÄúI swear that other driver was texting!‚Äù moments. Still, a solid setup for anyone wanting a high-tech co-pilot that won‚Äôt nap on the job.[Disclaimer: This review is for ""AZDOME PG17 Max 4K+2.5K Mirror Dash Cam with ADAS, BSD and LCA, 12"" Rear View Mirror Camera with 5GHz WiFi and Voice Control, Rearview Mirror Backup Camera Includes 64GB Card, GPS, Parking Monitor"". This is a review of a free-but-taxable product, made available via Amazon's Vine program, with adherence given to Amazon's review guidelines. Honesty is encouraged; no incentives were given by the seller.]",5,"-","-","https://www.amazon.com/gp/customer-reviews/R3HG857LIRBJCJ/ref=cm_cr_getr_d_rvw_ttl?ie=UTF8&ASIN=B0DYV5YQ1Y","-","-"
"Reviewed in the United States on June 11, 2025","Jacob Wolf","-","-","Useful","This camera works pretty well and is packed with features. Recommended if you are able to do the wiring.",5,"-","-","https://www.amazon.com/gp/customer-reviews/RP3DPL4REMQY0/ref=cm_cr_getr_d_rvw_ttl?ie=UTF8&ASIN=B0DYV5YQ1Y","-","-"
"Reviewed in the United States on May 26, 2025","K. Taylor","-","-","Excellent","Excellent. I've tested a couple of these mirror-mounted dashcams from Azdome over the past couple of years, and I've been really impressed with the quality of their products. I believe the PG17 is slightly larger than the last model I tested, with a better rear view camera, a larger screen with a better field of view and a bunch of little extras I've never seen before, like lane departure warnings (though it's possible I just missed that feature on the last model).It's pretty easy to set up the camera. The only challenging part of the installation was running the cable back through the vehicle to the backup camera. I always thought this was a bit of a pain, and I preferred a wireless rear camera, but after testing a few models I've decided that I prefer the zero lag or a wired model. Even a fraction of a second of latency over a wireless connection can get confusing while reversing, but a wired camera has instant transmission.All in all, very impressive. Azdome make great devices, and they only get better every year.",5,"-","-","https://www.amazon.com/gp/customer-reviews/R1Q7W5MYLK98BP/ref=cm_cr_getr_d_rvw_ttl?ie=UTF8&ASIN=B0DYV5YQ1Y","-","-"
"Reviewed in the United States on May 15, 2025","Amazon Customer","-","-","I love this rearview streaming mirror and I think you would too","Very high-quality. Has tons of features that you just can't find anywhere else. It's very crystal clear it hooks onto your existing rearview mirror. It has all the features that are missing from almost every other product. I love this thing.",5,"-","-","https://www.amazon.com/gp/customer-reviews/R6HSMFP6MN0ZO/ref=cm_cr_getr_d_rvw_ttl?ie=UTF8&ASIN=B0DYV5YQ1Y","-","-"
"Reviewed in the United States on May 13, 2025","L","-","-","good quality mirror dashcam","easy install and works great. nice big screen and good video quality",5,"-","-","https://www.amazon.com/gp/customer-reviews/R2QOI0C1XDVGGV/ref=cm_cr_getr_d_rvw_ttl?ie=UTF8&ASIN=B0DYV5YQ1Y","-","-"
"Reviewed in the United States on May 12, 2025","Carlos R.","-","-","Works great!","This Max mirror dash cam has been a game-changer for my daily driving. The 4K+2.5K video quality is super crisp, and I love the wide 12‚Äù screen‚Äîit makes reversing so much easier. The ADAS, BSD, and LCA features give me extra confidence on the road. Voice control works surprisingly well, and the 5 GHz WiFi makes transferring footage fast. Bonus: it came with a 64GB card and GPS, so I didn‚Äôt have to buy anything extra. Great all-in-one setup!",5,"-","-","https://www.amazon.com/gp/customer-reviews/R1OADERC1RAG3W/ref=cm_cr_getr_d_rvw_ttl?ie=UTF8&ASIN=B0DYV5YQ1Y","-","-"
"Reviewed in the United States on May 11, 2025","Wally Boots","-","-","Very nice unit for the price.","Wanted a dash cam a piece of mind and decided to get this as the price was right. I installed this myself with no issues the app worked great and I was up and running in no time. Had this plugged into the cigarette lighter and it just works when I start the car and starts recording and is always there God forbid I need footage. We definitely recommend this. The video quality I checked out was really good too and has excellent night vision.",5,"-","-","https://www.amazon.com/gp/customer-reviews/R1RCKPRMUCCZ6J/ref=cm_cr_getr_d_rvw_ttl?ie=UTF8&ASIN=B0DYV5YQ1Y","-","-"
"Reviewed in the United States on May 9, 2025","Kim Allen","-","-","Directions included","Good clear quality video. Easily installed . Connects quickly to WiFi and GPS functions as it should .",5,"-","-","https://www.amazon.com/gp/customer-reviews/R2G7J04RVND1IT/ref=cm_cr_getr_d_rvw_ttl?ie=UTF8&ASIN=B0DYV5YQ1Y","-","-"
"Reviewed in the United States on April 28, 2025","S","-","-","Feature-Rich Mirror Dash Cam with Excellent Image Quality and Driver Assistance","The AZDOME PG17 Max offers a major upgrade for drivers seeking both safety and clarity. It captures ultra-clear footage with its 4K front and 2.5K rear cameras, displayed on a 12-inch touchscreen mirror that mounts easily over the OEM mirror. Setup is straightforward, and the pre-installed 64GB card gets you recording right away.Key highlights include built-in ADAS (Forward Collision, Pedestrian Warning, Lane Departure alerts) and enhanced BSD and LCA functions, improving situational awareness during lane changes and reversing. The 5.8GHz Wi-Fi ensures quick video downloads through the AZDOME app, while 10 voice commands allow for easy hands-free control.Video quality is consistently praised as crisp and detailed, both day and night. The included GPS records driving routes and speeds, and the system supports 24-hour parking monitoring (hardwire kit sold separately). Minor limitations mentioned include a lack of built-in mirror flip for some setups, but overall satisfaction is very high. A great option for upgrading both security and driving convenience. :)",5,"-","-","https://www.amazon.com/gp/customer-reviews/R86D1ZEEZJUOP/ref=cm_cr_getr_d_rvw_ttl?ie=UTF8&ASIN=B0DYV5YQ1Y","-","-"
